name,birth_place,age,art_style
Lynette McKennan,Tacna,19,Cartoon
Vi Berthot,Gerelayang,50,Noir
Nikolaos Clemenson,Cam Lâm,48,Minimalism
Pansie Loblie,Markham,22,Noir
Dianemarie Robilliard,Chamlykskaya,98,Fantasy
Alexei Kestin,Krajan,54,Noir
Erick Jacmard,Los Angeles,100,Cartoon
El Fyldes,Wąwolnica,26,Realism
Fredek Wonter,Kulutan,20,Noir
Johnath Millthorpe,Tanay,58,Abstract
Edan Grinnov,Baiheshan,44,Fantasy
Kelila Perocci,Jidong,78,Minimalism
Silvie Elgie,Puračić,85,Abstract
Kesley Parfitt,Duraznopampa,84,Realism
Fancie Renish,Cergy-Pontoise,91,Minimalism
Salem Holston,Taradale,33,Cartoon
Hilary Sansam,Kasli,56,Noir
Mair Barclay,Dengfang,60,Minimalism
Amara Dowles,Zengfu,45,Realism
Revkah Clemencon,Jardinópolis,46,Abstract
Hannie Stieger,Pameungpeuk,69,Realism
Jania Emig,Sumberkrajan,19,Minimalism
Rene Baylay,Pueblo Nuevo,95,Abstract
Godart Obey,Śliwice,79,Fantasy
Curtis Treadway,Yong’an,48,Minimalism
Patty Lowis,Marseille,79,Minimalism
Fawn Burtt,Xiaoyangqi,66,Minimalism
Blayne Cobb,Jiangjing,86,Cartoon
Farrel O'Flannery,Novozybkov,75,Cartoon
Trever Martinon,‘Afula ‘Illit,90,Noir
Perry De Lasci,Petrov,97,Minimalism
Robinia Nockells,Songying,95,Minimalism
Nickolaus Grigoli,Majan,68,Noir
Normand Pullar,Alcorriol,70,Minimalism
Corey Treker,Dowsk,26,Realism
Collin Pemberton,Sadabumi,21,Fantasy
Sydelle Renshell,Nonohonis,60,Cartoon
Kelila Cords,Sukarame,79,Realism
De witt McClure,Dambarta,51,Abstract
Darcy Brisley,Kokembang,99,Cartoon
Pall Tookill,Bolengpulau,21,Fantasy
Stefan Braunle,Shalazhi,63,Realism
Mikkel O' Donohoe,General Conesa,23,Fantasy
Jeanelle Keymer,Taranovskoye,18,Fantasy
Benoite Eardley,Santa Ana,46,Realism
Horatia Keming,Dobje pri Planini,51,Minimalism
Franky Stagge,Makrochóri,39,Fantasy
Reginauld Dannatt,Ribeiro,91,Fantasy
Leandra Golton,Tékane,44,Noir
Annmarie Kment,Henggang,75,Fantasy
Mirabella Steer,Huipinggeng,88,Minimalism
Hobart Oppy,Arroyo Salado,81,Cartoon
Ezri Stockton,Cabedelo,42,Fantasy
Findlay Longwood,Shādegān,23,Realism
Deck Lauret,Ihuari,93,Cartoon
Carlynn Tether,Huangban,32,Abstract
Zola Giottoi,Usagara,53,Minimalism
Noami Ryam,Lomintsevskiy,40,Fantasy
Dene Culross,Otjimbingwe,90,Minimalism
Drucie Cruse,Adjumani,82,Realism
Fredrika Grima,Nemours,47,Realism
Ermengarde Beggin,Tembladera,24,Fantasy
Solomon Nossent,Sentul,57,Abstract
Mirabelle de Chastelain,Guanba,38,Cartoon
Laina Hamel,Peroguarda,79,Minimalism
Juliann Matyushenko,Gokwe,24,Fantasy
Bryon McAndrew,Aguachica,54,Abstract
Lori Franchioni,Shawnee Mission,58,Abstract
Terrel Stallon,Weibin,26,Realism
Giulia Takis,Orimattila,32,Noir
Tab Smickle,Tugu,86,Minimalism
Zara Umpleby,Libourne,56,Abstract
Zackariah Diloway,Valence,34,Abstract
Deck Give,Rabat,46,Realism
Nita Jepperson,Thiès Nones,64,Cartoon
Marcia Checketts,Orlovskiy,19,Cartoon
Lonnie Lamble,San Agustín Acasaguastlán,100,Fantasy
Mikkel O'Sherin,Daiyue,98,Abstract
Natalee Lickess,Strängnäs,82,Abstract
Edyth Vardey,Presidente Venceslau,34,Cartoon
Ruthann Possa,Metz,93,Minimalism
Briny Frizzell,Novyye Kuz’minki,22,Cartoon
Harwell Ovendale,Kulautuva,55,Realism
Orly Gamil,Beauharnois,36,Fantasy
Alexa Scragg,Vierzon,22,Minimalism
Millicent Maulkin,Āsmār,79,Noir
Ofelia Duesbury,Satuek,47,Abstract
Ruby Kienzle,Lewograran,68,Noir
Dick Simenet,Dobratice,54,Minimalism
Rianon Twigg,Jiangtun,86,Fantasy
Alissa Giorio,Nioro,96,Abstract
Susanna Simms,Magtangol,65,Cartoon
Karlan Sidary,Nepomuceno,52,Abstract
Rhodie Robins,Sidowayah Lor,100,Noir
Raynor Felkin,Hulutao,44,Cartoon
Jessey Swede,Mtsensk,48,Abstract
Rutledge Blankau,União,20,Abstract
Hebert Simionescu,Ruukki,30,Minimalism
Rosmunda Springle,Ivatsevichy,36,Noir
Denys McCurdy,Suohe,51,Cartoon
