customer_name,group_name
Nate Mainwaring,Superhero Comic
Dominica Comsty,Indie
Danit Sparwell,Portrait
Ezra Swindell,Superhero Comic
Morgan Ponten,Indie
Dur Oldmeadow,Superhero Comic
Norine Newlyn,Superhero Comic
Yasmeen Queyos,Manga
Kingsly De Laci,Alternative
Emmye Bortol,Superhero Comic
Augustine Done,Indie
Barbie Confait,Indie
Towny Garmston,Indie
Britta Coldham,Superhero Comic
Teddie Wordsworth,Alternative
Norine Newlyn,Indie
Arluene Duesberry,Superhero Comic
Felicity Fanstone,Alternative
Charo Fairlie,Alternative
Morgan Ponten,Portrait
Mace Chase,Indie
Augustine Done,Indie
Lindsey Osichev,Portrait
Mabelle Seeler,Bande Desinee
Sheelagh Lavallin,Manga
Madelene Binch,Superhero Comic
Sharia Spindler,Portrait
Danit Sparwell,Alternative
Blinni Spurden,Portrait
Barr Younge,Portrait
Thatcher Elletson,Indie
Katharina Officer,Indie
Britta Coldham,Bande Desinee
Darius Gready,Indie
Orion McEneny,Alternative
Bambi Minett,Portrait
Wernher McCaghan,Indie
Sarajane Galliford,Portrait
Romy Ianno,Portrait
Tedmund Mudge,Alternative
Teddie Wordsworth,Manga
Yasmeen Queyos,Superhero Comic
Mace Chase,Manga
Emily Inman,Superhero Comic
Sharia Spindler,Superhero Comic
Romy Ianno,Alternative
Cornie Grinsdale,Alternative
Katharina Officer,Portrait
Sarajane Galliford,Bande Desinee
Asia Biles,Manga
Kevyn Birds,Manga
Margie Bubb,Manga
Bryan Wolters,Superhero Comic
Alic Cass,Portrait
Norine Newlyn,Bande Desinee
Romy Ianno,Superhero Comic
Towny Garmston,Portrait
Dominica Comsty,Bande Desinee
Catriona Lovart,Bande Desinee
Giovanna Wardhaugh,Indie
Kevyn Birds,Indie
Dominica Comsty,Bande Desinee
Mabelle Seeler,Indie
Annissa Gonnet,Portrait
Britta Coldham,Manga
Mace Chase,Bande Desinee
Arluene Duesberry,Portrait
Monika Upston,Indie
Sawyer MacKomb,Manga
Emeline Snowman,Bande Desinee
Asia Biles,Portrait
Arlan Bosnell,Indie
Valerye Voules,Manga
Felicity Fanstone,Alternative
Sawyer MacKomb,Manga
Whitman Riddall,Portrait
Margalit Waszczykowski,Alternative
Tedmund Mudge,Bande Desinee
Pepe Tiddy,Indie
Orion McEneny,Alternative
Lesli McGonigle,Indie
Conchita Eitter,Manga
Yvonne Dudson,Bande Desinee
Gertie Lagen,Indie
Mabelle Seeler,Portrait
Emeline Snowman,Indie
Norine Newlyn,Superhero Comic
Arlan Bosnell,Manga
Pepe Tiddy,Indie
Levin Egle,Bande Desinee
Maximo Bordes,Indie
Ray Kinmond,Portrait
Sheelagh Lavallin,Indie
Dukie Oen,Manga
Danit Sparwell,Superhero Comic
Sheelagh Lavallin,Superhero Comic
Levin Egle,Portrait
Veronique McKay,Superhero Comic
Dukie Oen,Superhero Comic
Emily Inman,Alternative
