name,address,money_spent,email
Gusty Kimmons,0049 Leroy Lane,0,gkimmons0@apple.com
Sawyer MacKomb,916 Cherokee Street,0,smackomb1@angelfire.com
Teddie Wordsworth,4 Truax Road,0,twordsworth2@hc360.com
Wernher McCaghan,85 Merchant Park,0,wmccaghan3@webnode.com
Sarajane Galliford,622 Old Gate Pass,0,sgalliford4@sun.com
Joelynn Bagworth,27 Tennyson Trail,0,jbagworth5@bbb.org
Sharia Spindler,7 Norway Maple Pass,0,sspindler6@umich.edu
Cahra Garey,5778 Judy Trail,0,cgarey7@blinklist.com
Arluene Duesberry,538 Larry Alley,0,aduesberry8@irs.gov
Rosalinde Kenright,68 Continental Crossing,0,rkenright9@usgs.gov
Arlan Bosnell,5 Chive Circle,0,abosnella@google.com.au
Darryl Garth,49731 Melby Parkway,0,dgarthb@imgur.com
Margalit Waszczykowski,795 Memorial Drive,0,mwaszczykowskic@domainmarket.com
Regine Caukill,6722 Washington Street,0,rcaukilld@ca.gov
Godart Creus,04827 Packers Way,0,gcreuse@cbc.ca
Gertie Lagen,0471 Northwestern Plaza,0,glagenf@cnet.com
Emeline Snowman,7 Toban Way,0,esnowmang@tripod.com
Mabelle Seeler,796 Sycamore Avenue,0,mseelerh@digg.com
Veronique McKay,09 Donald Court,0,vmckayi@vkontakte.ru
Elwira Roke,2 Village Alley,0,erokej@google.fr
Dorelle Ailward,96 Tennessee Street,0,dailwardk@photobucket.com
Phillip MacCome,68041 Fulton Terrace,0,pmaccomel@paypal.com
Darius Gready,4 Coleman Park,0,dgreadym@intel.com
Annissa Gonnet,9020 Lillian Terrace,0,agonnetn@facebook.com
Meyer Sawfoot,83 Quincy Drive,0,msawfooto@npr.org
Farrell Neiland,7 Esch Trail,0,fneilandp@ocn.ne.jp
Miguelita Haslum,59 Onsgard Point,0,mhaslumq@ehow.com
Conchita Eitter,98383 Dovetail Junction,0,ceitterr@taobao.com
Dominica Comsty,9640 Tennessee Avenue,0,dcomstys@msn.com
Terrie McKerton,0 Westport Center,0,tmckertont@google.cn
Mace Chase,52 Lakeland Drive,0,mchaseu@instagram.com
Felicity Fanstone,66 5th Point,0,ffanstonev@ted.com
Gianina Grouse,596 Talisman Place,0,ggrousew@so-net.ne.jp
Eliot Robroe,3206 Lakewood Gardens Alley,0,erobroex@vinaora.com
Towny Garmston,22 Eggendart Place,0,tgarmstony@mediafire.com
Ray Kinmond,057 Mayfield Trail,0,rkinmondz@redcross.org
Felike De Nisco,62 Saint Paul Road,0,fde10@printfriendly.com
Catriona Lovart,910 Hauk Park,0,clovart11@trellian.com
Giovanna Wardhaugh,878 4th Way,0,gwardhaugh12@paypal.com
Renell Assante,47700 Sachtjen Road,0,rassante13@independent.co.uk
Sheelagh Lavallin,69 Lunder Place,0,slavallin14@cocolog-nifty.com
Britta Coldham,95877 Colorado Trail,0,bcoldham15@liveinternet.ru
Valerye Voules,58 Maple Wood Way,0,vvoules16@phoca.cz
Nedi Tammadge,467 Kingsford Junction,0,ntammadge17@bandcamp.com
Monika Upston,13 Hovde Lane,0,mupston18@yelp.com
Rochester Gopsill,80 Pennsylvania Center,0,rgopsill19@spiegel.de
Alexandre Flicker,34 Boyd Alley,0,aflicker1a@rediff.com
Ardyce Trafford,17278 Dottie Hill,0,atrafford1b@myspace.com
Bambi Minett,6 Northridge Way,0,bminett1c@fema.gov
Viviyan Nowland,5444 Jana Court,0,vnowland1d@exblog.jp
Margie Bubb,0774 Ludington Crossing,0,mbubb1e@geocities.jp
Lee Banting,7003 Pennsylvania Hill,0,lbanting1f@tuttocitta.it
Orion McEneny,13 Derek Point,0,omceneny1g@nba.com
Emily Inman,04 Daystar Drive,0,einman1h@gov.uk
Danit Sparwell,13311 Jana Pass,0,dsparwell1i@sogou.com
Alic Cass,6804 Chinook Trail,0,acass1j@jimdo.com
Lindsey Osichev,6064 Kim Lane,0,losichev1k@blogs.com
Zabrina Dacke,839 Nobel Street,0,zdacke1l@technorati.com
Filia Stanbury,31345 Meadow Vale Way,0,fstanbury1m@ask.com
Morgan Ponten,46542 Arkansas Junction,0,mponten1n@ifeng.com
Nate Mainwaring,4 Spohn Center,0,nmainwaring1o@reference.com
Tedmund Mudge,8054 Hayes Terrace,0,tmudge1p@washington.edu
Thatcher Elletson,79037 Maywood Street,0,telletson1q@theguardian.com
Rem Fishburn,78476 Arrowood Terrace,0,rfishburn1r@twitter.com
Kingsly De Laci,5 Sachtjen Road,0,kde1s@scientificamerican.com
Thadeus Laughton,8 Rieder Pass,0,tlaughton1t@dion.ne.jp
Katharina Officer,42156 Talmadge Street,0,kofficer1u@icio.us
Klara Sloan,2 Muir Way,0,ksloan1v@squidoo.com
Giacomo Sabin,621 Fieldstone Place,0,gsabin1w@acquirethisname.com
Dukie Oen,73 Mitchell Road,0,doen1x@amazon.co.jp
Madelene Binch,837 Portage Avenue,0,mbinch1y@bloglines.com
Charo Fairlie,189 Aberg Alley,0,cfairlie1z@edublogs.org
Kalina Filtness,90815 Prairie Rose Point,0,kfiltness20@networkadvertising.org
Barr Younge,3 Waxwing Circle,0,byounge21@globo.com
Shela Hallad,00400 Ruskin Pass,0,shallad22@vk.com
Maximo Bordes,38483 Debra Point,0,mbordes23@istockphoto.com
Emmye Bortol,44 Sloan Drive,0,ebortol24@fotki.com
Kevyn Birds,72931 Karstens Park,0,kbirds25@surveymonkey.com
Amos Shawyer,885 Division Crossing,0,ashawyer26@examiner.com
Romy Ianno,7 Magdeline Court,0,rianno27@topsy.com
Vincenz Kinsman,87 Rowland Terrace,0,vkinsman28@alibaba.com
Bryan Wolters,4698 Eastwood Parkway,0,bwolters29@chicagotribune.com
Levin Egle,45809 Coleman Center,0,legle2a@pen.io
Yasmeen Queyos,327 Scoville Street,0,yqueyos2b@reverbnation.com
Barbie Confait,63 Del Mar Road,0,bconfait2c@plala.or.jp
Blinni Spurden,38788 Toban Way,0,bspurden2d@sina.com.cn
Asia Biles,32841 Farwell Pass,0,abiles2e@ihg.com
Amberly Kayser,68 Dixon Way,0,akayser2f@ezinearticles.com
Dur Oldmeadow,9481 Saint Paul Point,0,doldmeadow2g@webeden.co.uk
Lesli McGonigle,97689 Kingsford Avenue,0,lmcgonigle2h@moonfruit.com
Netta Purchon,95220 Leroy Plaza,0,npurchon2i@theatlantic.com
Augustine Done,53 Carpenter Street,0,adone2j@yelp.com
Virgina Sulter,4 Harbort Junction,0,vsulter2k@facebook.com
Cornie Grinsdale,22548 Rieder Alley,0,cgrinsdale2l@fda.gov
Yvonne Dudson,735 Melvin Trail,0,ydudson2m@booking.com
Pepe Tiddy,62 Northview Circle,0,ptiddy2n@java.com
Whitman Riddall,69309 Morrow Pass,0,wriddall2o@dmoz.org
Norine Newlyn,8 American Street,0,nnewlyn2p@istockphoto.com
Denna Margaret,189 Weeping Birch Circle,0,dmargaret2q@sina.com.cn
Ezra Swindell,5 Service Trail,0,eswindell2r@telegraph.co.uk
