customer_name,artist_name
Zabrina Dacke,Salem Holston
Gusty Kimmons,Darcy Brisley
Katharina Officer,Orly Gamil
Lindsey Osichev,Kesley Parfitt
Dorelle Ailward,Mikkel O'Sherin
Wernher McCaghan,Nita Jepperson
Dukie Oen,Ruthann Possa
Zabrina Dacke,Rene Baylay
Felicity Fanstone,Natalee Lickess
Darryl Garth,Franky Stagge
Kevyn Birds,Millicent Maulkin
Pepe Tiddy,Normand Pullar
Pepe Tiddy,Orly Gamil
Nate Mainwaring,Vi Berthot
Lindsey Osichev,Fawn Burtt
Sarajane Galliford,Erick Jacmard
Netta Purchon,Benoite Eardley
Nate Mainwaring,Fawn Burtt
Romy Ianno,Alissa Giorio
Britta Coldham,Normand Pullar
Veronique McKay,Ofelia Duesbury
Emmye Bortol,Zackariah Diloway
Eliot Robroe,Franky Stagge
Whitman Riddall,Laina Hamel
Cahra Garey,Drucie Cruse
Veronique McKay,Karlan Sidary
Zabrina Dacke,Ruthann Possa
Phillip MacCome,Reginauld Dannatt
Bryan Wolters,Solomon Nossent
Godart Creus,Dick Simenet
Felicity Fanstone,Raynor Felkin
Giacomo Sabin,Corey Treker
Darryl Garth,Zola Giottoi
Norine Newlyn,Nikolaos Clemenson
Lesli McGonigle,Blayne Cobb
Felicity Fanstone,Revkah Clemencon
Dur Oldmeadow,Annmarie Kment
Britta Coldham,Laina Hamel
Amos Shawyer,Natalee Lickess
Ray Kinmond,Lonnie Lamble
Valerye Voules,Vi Berthot
Teddie Wordsworth,Stefan Braunle
Dur Oldmeadow,Pall Tookill
Terrie McKerton,Stefan Braunle
Orion McEneny,Jania Emig
Giacomo Sabin,Ofelia Duesbury
Elwira Roke,Deck Give
Sarajane Galliford,Rutledge Blankau
Zabrina Dacke,Edan Grinnov
Phillip MacCome,Mirabella Steer
Towny Garmston,Briny Frizzell
Denna Margaret,Deck Give
Augustine Done,Tab Smickle
Amos Shawyer,Ermengarde Beggin
Viviyan Nowland,Deck Lauret
Netta Purchon,Rutledge Blankau
Dur Oldmeadow,Ofelia Duesbury
Morgan Ponten,Leandra Golton
Kingsly De Laci,Silvie Elgie
Viviyan Nowland,Reginauld Dannatt
Dorelle Ailward,Zara Umpleby
Amberly Kayser,Silvie Elgie
Maximo Bordes,Hebert Simionescu
Renell Assante,Dianemarie Robilliard
Annissa Gonnet,El Fyldes
Joelynn Bagworth,Reginauld Dannatt
Alexandre Flicker,Ruby Kienzle
Thatcher Elletson,El Fyldes
Tedmund Mudge,Godart Obey
Norine Newlyn,Pansie Loblie
Katharina Officer,Drucie Cruse
Kalina Filtness,Lori Franchioni
Zabrina Dacke,Curtis Treadway
Kalina Filtness,De witt McClure
Conchita Eitter,Sydelle Renshell
Gusty Kimmons,Lynette McKennan
Sheelagh Lavallin,Horatia Keming
Maximo Bordes,Karlan Sidary
Dur Oldmeadow,Kelila Perocci
Darryl Garth,Nita Jepperson
Pepe Tiddy,Rosmunda Springle
Madelene Binch,Dianemarie Robilliard
Meyer Sawfoot,Dene Culross
Arluene Duesberry,Collin Pemberton
Filia Stanbury,Ermengarde Beggin
Arluene Duesberry,Dianemarie Robilliard
Kevyn Birds,Lynette McKennan
Elwira Roke,Revkah Clemencon
Gianina Grouse,Mair Barclay
Blinni Spurden,De witt McClure
Miguelita Haslum,Terrel Stallon
Amberly Kayser,Blayne Cobb
Farrell Neiland,Bryon McAndrew
Katharina Officer,Salem Holston
Thadeus Laughton,Godart Obey
Wernher McCaghan,Blayne Cobb
Augustine Done,Denys McCurdy
Madelene Binch,Lori Franchioni
Sharia Spindler,Deck Give
Kevyn Birds,Terrel Stallon
