sponsor_id,customer_name,mesage,created_at
S0002,Gusty Kimmons,Bravo,2026-05-29 10:01:03
S0015,Sawyer MacKomb,Congrats,2026-05-29 10:09:27
S0234,Teddie Wordsworth,Gold Star,2026-05-29 10:12:46
S0456,Wernher McCaghan,Bravo,2026-05-29 10:20:55
S0678,Sarajane Galliford,Congrats,2026-05-29 10:34:18
S0890,Joelynn Bagworth,Kudos,2026-05-29 10:46:05
S1024,Sharia Spindler,Bravo,2026-05-29 11:00:31
S1187,Cahra Garey,Kudos,2026-05-29 11:07:22
S1309,Arluene Duesberry,Congrats,2026-05-29 11:29:59
S1492,Rosalinde Kenright,Gold Star,2026-05-29 11:36:44
S1586,Arlan Bosnell,Congrats,2026-05-29 11:50:12
S1674,Darryl Garth,Kudos,2026-05-29 12:11:03
S1798,Margalit Waszczykowski,Bravo,2026-05-29 12:27:46
S1820,Regine Caukill,Bravo,2026-05-29 12:33:58
S1945,Godart Creus,Kudos,2026-05-29 12:47:21
S2037,Gertie Lagen,Bravo,2026-05-29 13:02:04
S2199,Emeline Snowman,Bravo,2026-05-29 13:15:39
S2288,Mabelle Seeler,Bravo,2026-05-29 13:28:07
S2376,Veronique McKay,Gold Star,2026-05-29 13:39:50
S2491,Elwira Roke,Bravo,2026-05-29 13:58:15
S2543,Dorelle Ailward,Kudos,2026-05-29 14:12:02
S2667,Phillip MacCome,Kudos,2026-05-29 14:18:47
S2789,Darius Gready,Kudos,2026-05-29 14:31:30
S2801,Annissa Gonnet,Kudos,2026-05-29 14:53:11
S2935,Meyer Sawfoot,Kudos,2026-05-29 15:09:29
S3057,Farrell Neiland,Kudos,2026-05-29 15:20:56
S3179,Miguelita Haslum,Kudos,2026-05-29 15:44:03
S3290,Conchita Eitter,Kudos,2026-05-29 15:58:46
S3312,Dominica Comsty,Bravo,2026-05-29 16:09:12
S3446,Terrie McKerton,Bravo,2026-05-29 16:21:39
S3568,Mace Chase,Kudos,2026-05-29 16:44:50
S3680,Felicity Fanstone,Gold Star,2026-05-29 16:57:31
S3792,Gianina Grouse,Gold Star,2026-05-29 17:08:05
S3814,Eliot Robroe,Kudos,2026-05-29 17:23:58
S3957,Towny Garmston,Congrats,2026-05-29 17:35:20
S4079,Ray Kinmond,Kudos,2026-05-29 17:48:07
S4191,Felike De Nisco,Kudos,2026-05-29 18:11:54
S4203,Catriona Lovart,Bravo,2026-05-29 18:22:31
S4345,Giovanna Wardhaugh,Gold Star,2026-05-29 18:39:16
S4467,Renell Assante,Kudos,2026-05-29 18:51:03
S4589,Sheelagh Lavallin,Gold Star,2026-05-29 19:03:28
S4601,Britta Coldham,Kudos,2026-05-29 19:15:59
S4733,Valerye Voules,Congrats,2026-05-29 19:27:44
S4855,Nedi Tammadge,Kudos,2026-05-29 19:41:10
S4977,Monika Upston,Gold Star,2026-05-29 19:52:33
S5009,Rochester Gopsill,Gold Star,2026-05-30 10:02:27
S5121,Alexandre Flicker,Kudos,2026-05-30 10:11:49
S5243,Ardyce Trafford,Kudos,2026-05-30 10:24:36
S5365,Bambi Minett,Congrats,2026-05-30 10:37:05
S5487,Viviyan Nowland,Gold Star,2026-05-30 10:45:18
S5509,Margie Bubb,Kudos,2026-05-30 10:53:47
S5631,Lee Banting,Bravo,2026-05-30 11:06:12
S5753,Orion McEneny,Bravo,2026-05-30 11:18:39
S5875,Emily Inman,Kudos,2026-05-30 11:27:55
S5997,Danit Sparwell,Kudos,2026-05-30 11:41:06
S6019,Alic Cass,Kudos,2026-05-30 11:55:34
S6141,Lindsey Osichev,Congrats,2026-05-30 12:08:47
S6263,Zabrina Dacke,Congrats,2026-05-30 12:19:13
S6385,Filia Stanbury,Bravo,2026-05-30 12:31:58
S6407,Morgan Ponten,Gold Star,2026-05-30 12:44:22
S6529,Nate Mainwaring,Kudos,2026-05-30 12:59:09
S6651,Tedmund Mudge,Bravo,2026-05-30 13:12:46
S6773,Thatcher Elletson,Congrats,2026-05-30 13:25:33
S6895,Rem Fishburn,Congrats,2026-05-30 13:38:07
S6917,Kingsly De Laci,Bravo,2026-05-30 13:50:58
S7049,Thadeus Laughton,Bravo,2026-05-30 14:06:21
S7161,Katharina Officer,Kudos,2026-05-30 14:18:04
S7283,Klara Sloan,Congrats,2026-05-30 14:29:56
S7305,Giacomo Sabin,Kudos,2026-05-30 14:43:12
S7427,Dukie Oen,Gold Star,2026-05-30 15:00:38
S7549,Madelene Binch,Congrats,2026-05-30 15:12:27
S7671,Charo Fairlie,Gold Star,2026-05-30 15:25:54
S7793,Kalina Filtness,Kudos,2026-05-30 15:39:05
S7815,Barr Younge,Kudos,2026-05-30 15:51:48
S7937,Shela Hallad,Kudos,2026-05-30 16:05:22
S8059,Maximo Bordes,Kudos,2026-05-30 16:18:09
S8181,Emmye Bortol,Bravo,2026-05-30 16:30:41
S8203,Kevyn Birds,Gold Star,2026-05-30 16:43:55
S8325,Amos Shawyer,Kudos,2026-05-30 16:58:12
S8447,Romy Ianno,Gold Star,2026-05-30 17:10:37
S8569,Vincenz Kinsman,Kudos,2026-05-30 17:23:58
S8691,Bryan Wolters,Bravo,2026-05-30 17:36:22
S8713,Levin Egle,Bravo,2026-05-30 17:49:49
S8835,Yasmeen Queyos,Gold Star,2026-05-30 18:02:16
S8957,Barbie Confait,Bravo,2026-05-30 18:15:33
S9079,Blinni Spurden,Kudos,2026-05-30 18:29:04
S9101,Asia Biles,Congrats,2026-05-30 18:41:41
S9223,Amberly Kayser,Congrats,2026-05-30 18:55:26
S9345,Dur Oldmeadow,Congrats,2026-05-30 19:06:58
S9467,Lesli McGonigle,Kudos,2026-05-30 19:19:13
S9589,Netta Purchon,Bravo,2026-05-30 19:31:45
S9601,Augustine Done,Gold Star,2026-05-30 19:44:52
S9723,Virgina Sulter,Kudos,2026-05-31 10:03:55
S9845,Cornie Grinsdale,Gold Star,2026-05-31 10:14:20
S9967,Yvonne Dudson,Bravo,2026-05-31 10:26:33
S9989,Pepe Tiddy,Bravo,2026-05-31 10:38:09
S9998,Whitman Riddall,Congrats,2026-05-31 10:50:47
S1234,Norine Newlyn,Gold Star,2026-05-31 11:03:21
S4321,Denna Margaret,Kudos,2026-05-31 11:15:58
S2468,Ezra Swindell,Bravo,2026-05-31 11:28:44
